﻿<?xml version="1.0" encoding="utf-8"?>
<?xml-stylesheet type="text/xsl" href="c:\program files (x86)\team tools\static analysis tools\fxcop\Xml\CodeAnalysisReport.xsl"?>
<FxCopReport Version="12.0">
 <Targets>
  <Target Name="C:\Users\Administrator\Desktop\11.27\节能项目\节能计算\节能计算\bin\Debug\节能计算.exe">
   <Modules>
    <Module Name="节能计算.exe">
     <Namespaces>
      <Namespace Name="节能计算.Model">
       <Types>
        <Type Name="Project" Kind="Class" Accessibility="Public" ExternallyVisible="True">
         <Members>
          <Member Name="#.ctor(System.String,System.String,System.String,System.String,System.String)" Kind="Method" Static="False" Accessibility="Public" ExternallyVisible="True">
           <Messages>
            <Message TypeName="DoNotCallOverridableMethodsInConstructors" Category="Microsoft.Usage" CheckId="CA2214" Status="Active" Created="2014-12-30 04:34:57Z" FixCategory="NonBreaking">
             <Issue Certainty="95" Level="CriticalWarning" Path="c:\Users\Administrator\Desktop\11.27\节能项目\节能计算\节能计算\Model" File="Project.cs" Line="99">'Project.Project(string, string, string, string, string)' 包含调用链，该调用链导致调用此类所定义的虚方法。请检查以下调用堆栈，看是否有意外结果: &#xD;&#xA;&#xD;&#xA;Project..ctor(String, String, String, String, String)&#xD;&#xA;Project.set_工程名称(String):Void&#xD;&#xA;ObservableObject.RaisePropertyChanging(String):Void。</Issue>
             <Issue Certainty="95" Level="CriticalWarning" Path="c:\Users\Administrator\Desktop\11.27\节能项目\节能计算\节能计算\Model" File="Project.cs" Line="99">'Project.Project(string, string, string, string, string)' 包含调用链，该调用链导致调用此类所定义的虚方法。请检查以下调用堆栈，看是否有意外结果: &#xD;&#xA;&#xD;&#xA;Project..ctor(String, String, String, String, String)&#xD;&#xA;Project.set_工程名称(String):Void&#xD;&#xA;ObservableObject.RaisePropertyChanging(String):Void&#xD;&#xA;ObservableObject.RaisePropertyChanged(String):Void。</Issue>
            </Message>
           </Messages>
          </Member>
          <Member Name="#Projectpjt" Kind="Property" Static="False" Accessibility="Public" ExternallyVisible="True">
           <Accessors>
            <Accessor Name="#get_Projectpjt()" Kind="Method" Static="False" Accessibility="Public" ExternallyVisible="True">
             <Messages>
              <Message TypeName="DoNotRaiseExceptionsInUnexpectedLocations" Category="Microsoft.Design" CheckId="CA1065" Status="Active" Created="2014-12-30 04:34:57Z" FixCategory="Breaking">
               <Issue Name="PropertyGetter" Certainty="90" Level="Warning" Path="c:\Users\Administrator\Desktop\11.27\节能项目\节能计算\节能计算\Model" File="Project.cs" Line="278">'Project.Projectpjt.get()' 创建 'NotImplementedException' 类型的异常，该异常类型不应当在属性中引发。如果有可能会引发此异常实例，请使用其他异常类型，将该属性转换为方法，或者更改该属性的逻辑，使它不再引发异常。</Issue>
              </Message>
             </Messages>
            </Accessor>
           </Accessors>
          </Member>
         </Members>
        </Type>
       </Types>
      </Namespace>
     </Namespaces>
    </Module>
   </Modules>
  </Target>
 </Targets>
 <Rules>
  <Rule TypeName="DoNotCallOverridableMethodsInConstructors" Category="Microsoft.Usage" CheckId="CA2214">
   <Name>不要在构造函数中调用可重写的方法</Name>
   <Description>不应通过构造函数调用类中定义的虚方法。如果某个派生类已重写该虚方法，则将在调用派生类的构造函数前，调用此派生类重写后的方法。</Description>
   <Resolution Name="Default">{0} 包含调用链，该调用链导致调用此类所定义的虚方法。请检查以下调用堆栈，看是否有意外结果: {1}。</Resolution>
   <Owner />
   <Url>http://msdn.microsoft.com/library/ms182331.aspx</Url>
   <Email>[none]</Email>
   <MessageLevel Certainty="95">CriticalWarning</MessageLevel>
   <File Name="usagerules.dll" Version="12.0.0.0" />
  </Rule>
  <Rule TypeName="DoNotRaiseExceptionsInUnexpectedLocations" Category="Microsoft.Design" CheckId="CA1065">
   <Name>不要在意外的位置引发异常</Name>
   <Description>不要从意外的位置显式引发异常。用户不希望某些方法(如 Equals 和 GetHashCode)引发异常。因此，对这些方法的调用通常不包装在 try catch 块中。</Description>
   <Resolution Name="PropertyGetter">{0} 创建 {1} 类型的异常，该异常类型不应当在属性中引发。如果有可能会引发此异常实例，请使用其他异常类型，将该属性转换为方法，或者更改该属性的逻辑，使它不再引发异常。</Resolution>
   <Owner />
   <Url>http://msdn.microsoft.com/library/bb386039.aspx</Url>
   <Email>[none]</Email>
   <MessageLevel Certainty="90">Error, Warning</MessageLevel>
   <File Name="designrules.dll" Version="12.0.0.0" />
  </Rule>
 </Rules>
 <Localized>
  <String Key="Category">类别</String>
  <String Key="Certainty">确定性</String>
  <String Key="CollapseAll">全部折叠</String>
  <String Key="CheckId">检查 ID</String>
  <String Key="Error">错误</String>
  <String Key="Errors">错误</String>
  <String Key="ExpandAll">全部展开</String>
  <String Key="Help">帮助</String>
  <String Key="Line">行</String>
  <String Key="Messages">消息</String>
  <String Key="LocationNotStoredInPdb">[位置未存储在 Pdb 中]</String>
  <String Key="Project">项目</String>
  <String Key="Resolution">解析</String>
  <String Key="Rule">规则</String>
  <String Key="RuleFile">规则文件</String>
  <String Key="RuleDescription">规则说明</String>
  <String Key="Source">源</String>
  <String Key="Status">状态</String>
  <String Key="Target">目标</String>
  <String Key="Warning">警告</String>
  <String Key="Warnings">警告</String>
  <String Key="ReportTitle">代码分析报告</String>
 </Localized>
</FxCopReport>
