﻿<?xml version="1.0" encoding="utf-8" ?>
<Sections>
  <Section Name="混合料生产">
    <Devices Name="厂拌冷再生设备">
      <Device Name="厂拌冷再生设备 示例设备名称（可删除）" Type="厂拌冷再生设备 示例设备型号（可删除）"/>   
    </Devices>
    <Devices Name="厂拌热再生设备">
      <Device Name="厂拌热再生设备 示例设备名称（可删除）" Type="厂拌热再生设备 示例设备型号（可删除）"/>
    </Devices>
    <Devices Name="基层材料拌合设备">
      <Device Name="基层材料拌合设备 示例设备名称（可删除）" Type="基层材料拌合设备 示例设备型号（可删除）"/>
    </Devices>
    <Devices Name="再生设备">
      <Device Name="再生设备 示例设备名称（可删除）" Type="再生设备 示例设备型号（可删除）"/>
    </Devices>
    <Devices Name="沥青混合料拌合设备">
      <Device Name="沥青混合料拌合设备 示例设备名称（可删除）" Type="沥青混合料拌合设备 示例设备型号（可删除）"/>
    </Devices>
    <Devices Name="水泥混凝土拌合设备">
      <Device Name="水泥混凝土拌合设备 示例设备名称（可删除）" Type="水泥混凝土拌合设备 示例设备型号（可删除）"/>
    </Devices>
  </Section>
  <Section Name="混合料摊铺碾压">
    <Devices Name="单钢轮压路机">
      <Device Name="单钢轮压路机 示例设备名称（可删除）" Type="单钢轮压路机 示例设备型号（可删除）"/>
    </Devices>
    <Devices Name="胶轮压路机">
      <Device Name="胶轮压路机 示例设备名称（可删除）" Type="胶轮压路机 示例设备型号（可删除）"/>
    </Devices>
    <Devices Name="双钢轮压路机">
      <Device Name="双钢轮压路机 示例设备名称（可删除）" Type="双钢轮压路机 示例设备型号（可删除）"/>
    </Devices>
    <Devices Name="三钢轮压路机">
      <Device Name="三钢轮压路机 示例设备名称（可删除）" Type="三钢轮压路机 示例设备型号（可删除）"/>
    </Devices>
    <Devices Name="其他压路机">
      <Device Name="其他压路机 示例设备名称（可删除）" Type="其他压路机 示例设备型号（可删除）"/>
    </Devices>
    <Devices Name="就地冷再生设备">
      <Device Name="就地冷再生设备 示例设备名称（可删除）" Type="就地冷再生设备 示例设备型号（可删除）"/>
    </Devices>
    <Devices Name="就地热再生设备">
      <Device Name="就地热再生设备 示例设备名称（可删除）" Type="就地热再生设备 示例设备型号（可删除）"/>
    </Devices>
    <Devices Name="摊铺设备">
      <Device Name="摊铺设备 示例设备名称（可删除）" Type="摊铺设备 示例设备型号（可删除）"/>
    </Devices>
    <Devices Name="铣刨设备">
      <Device Name="铣刨设备 示例设备名称（可删除）" Type="铣刨设备 示例设备型号（可删除）"/>
    </Devices>
  </Section>
  
  
  
</Sections>