﻿<?xml version="1.0" encoding="utf-8" ?>
<Sections>
<Section Name="原材料能耗">
    <Item Name="旧料掺加比例" ID="F15" DefaultValue="222.22" Back="" NoneTooltip="无" Group="常量" DeviceName="必填项"  Type="" Unit="{0:N2} %"/>
    <Item Name="沥青含量" ID="F16" DefaultValue="222.22" Back="" NoneTooltip="无" Group="常量" DeviceName="必填项"  Type="" Unit="{0:N2} %"/>
    <Item Name="水泥掺量" ID="F17" DefaultValue="222.22" Back=""  Group="常量" DeviceName="必填项"  Type="" Unit="{0:N2} %"/>
  </Section>
  <Section Name="混合料生产">
    <Item Name="旧料掺加比例" ID="F15" DefaultValue="222.22" Back="" NoneTooltip="无" Group="常量" DeviceName="必填项"  Type="" Unit="{0:N2} %"/>
    <Item Name="沥青含量" ID="F16" DefaultValue="222.22" Back="" NoneTooltip="无" Group="常量" DeviceName="必填项"  Type="" Unit="{0:N2} %"/>
    <Item Name="水泥掺量" ID="F17" DefaultValue="222.22" Back=""  Group="常量" DeviceName="必填项"  Type="" Unit="{0:N2} %"/>
  </Section>
  <Section Name="混合料摊铺碾压">
    <Item Name="111111旧料掺加比例" ID="F15" DefaultValue="222.22" Back="" NoneTooltip="无" Group="常量" DeviceName="必填项"  Type="" Unit="{0:N2} %"/>
    <Item Name="111111111111111沥青含量" ID="F16" DefaultValue="222.22" Back="" NoneTooltip="无" Group="常量" DeviceName="必填项"  Type="" Unit="{0:N2} %"/>
    <Item Name="11111111111水泥掺量" ID="F17" DefaultValue="222.22" Back="" Background="appbar_book" Group="常量" DeviceName="必填项"  Type="" Unit="{0:N2} %"/>
  </Section>
<Section Name="材料运输">
    <Item Name="111111旧料掺加比例" ID="F15" DefaultValue="222.22" Back="" NoneTooltip="无" Group="常量" DeviceName="必填项"  Type="" Unit="{0:N2} %"/>
    <Item Name="111111111111111沥青含量" ID="F16" DefaultValue="222.22" Back="" NoneTooltip="无" Group="常量" DeviceName="必填项"  Type="" Unit="{0:N2} %"/>
    <Item Name="11111111111水泥掺量" ID="F17" DefaultValue="222.22" Back="" Background="appbar_book" Group="常量" DeviceName="必填项"  Type="" Unit="{0:N2} %"/>
  </Section>
</Sections>